Rank,City,Country,Economics,Human Capital,Quality of Life,Environment,Governance
1,New York,United States,1,4,278,353,184
2,London,United Kingdom,7,1,292,197,72
3,San Jose,United States,3,28,38,53,184
4,Tokyo,Japan,10,2,218,277,26
5,Paris,France,9,6,65,409,161
6,Seattle,United States,4,40,56,40,184
7,Los Angeles,United States,2,19,280,79,184
8,San Francisco,United States,5,34,101,62,184
9,Melbourne,Australia,16,11,185,30,18
10,Zurich,Switzerland,29,14,8,382,13
11,Boston,United States,12,10,123,237,184
12,Dublin,Ireland,33,16,67,17,51
13,"Washington, DC",United States,11,7,224,314,184
14,Stockholm,Sweden,28,15,85,88,10
15,Copenhagen,Denmark,13,37,179,110,4
16,Sydney,Australia,19,9,230,363,18
17,Toronto,Canada,17,13,197,316,52
18,Dallas,United States,6,23,320,280,184
19,Oslo,Norway,48,53,31,72,8
20,Vancouver,Canada,35,33,78,149,52
21,Geneva,Switzerland,36,60,14,335,13
22,Luxembourg,Luxembourg,38,66,6,440,70
23,Perth,Australia,57,22,135,34,18
24,Denver,United States,23,31,113,243,184
25,Houston,United States,15,18,298,271,184
26,Atlanta,United States,14,20,321,211,184
27,Brisbane,Australia,41,41,146,135,18
28,Amsterdam,Netherlands,50,30,61,343,63
29,Chicago,United States,8,46,276,520,184
30,Tel Aviv,Israel,21,44,70,290,350
31,Montreal,Canada,49,35,98,341,52
32,Munich,Germany,31,48,116,374,107
33,Philadelphia,United States,18,29,260,355,184
34,Minneapolis,United States,24,54,124,428,184
35,San Diego,United States,26,64,217,37,184
36,Miami,United States,22,38,318,39,184
37,Basel,Switzerland,82,105,5,421,13
38,Helsinki,Finland,68,52,75,377,6
39,Austin,United States,20,59,231,207,184
40,Bern,Switzerland,80,142,3,396,13
41,Seoul,South Korea,67,5,272,615,148
42,Singapore,Singapore,78,43,40,424,135
43,Berlin,Germany,47,50,114,463,107
44,Canberra,Australia,179,90,2,194,18
45,Brussels,Belgium,45,42,196,328,136
46,Phoenix,United States,25,72,253,67,184
47,Madrid,Spain,51,45,167,102,278
48,Gothenburg,Sweden,102,68,59,82,10
49,Vienna,Austria,42,47,145,604,104
50,Calgary,Canada,105,32,141,312,52
51,Adelaide,Australia,81,73,152,57,18
52,Portland,United States,30,112,161,56,184
53,Salt Lake City,United States,43,70,150,217,184
54,Abu Dhabi,United Arab Emirates,79,8,215,491,358
55,Bergen,Norway,254,143,4,15,8
56,Hamburg,Germany,39,78,162,413,107
57,Lausanne,Switzerland,157,61,26,342,13
58,Aarhus,Denmark,100,135,55,97,4
59,Auckland,New Zealand,112,109,206,10,1
60,Baltimore,United States,32,86,199,299,184
61,Nashville,United States,27,75,271,257,184
62,Ottawa-Gatineau,Canada,153,83,20,346,52
63,Rotterdam,Netherlands,75,129,49,425,63
64,Prague,Czech Republic,65,104,83,486,144
65,Taipei,Taiwan,243,25,106,262,98
66,Columbus,United States,53,62,286,234,184
67,Quebec City,Canada,138,159,12,261,52
68,Lyon,France,55,178,30,327,161
69,Wellington,New Zealand,189,165,66,5,1
70,Raleigh,United States,61,106,226,87,184
71,Riverside,United States,34,131,294,111,184
72,Charlotte,United States,63,76,279,164,184
73,Barcelona,Spain,115,71,130,201,278
74,Richmond,United States,72,96,238,176,184
75,Manchester,United Kingdom,83,92,246,248,72
76,Hong Kong,"Hong Kong SAR, China",89,56,151,583,299
77,Madison,United States,64,118,119,465,184
78,Orlando,United States,52,121,311,27,184
79,Malmo,Sweden,160,110,133,127,10
80,The Hague,Netherlands,178,98,54,242,63
81,Gold Coast,Australia,120,168,95,118,18
82,Edinburgh,United Kingdom,213,65,165,50,72
83,Bristol,United Kingdom,168,113,89,133,72
84,Tampa,United States,56,137,296,33,184
85,Frankfurt am Main,Germany,77,99,193,554,107
86,Nantes,France,126,245,10,77,161
87,Christchurch,New Zealand,206,166,128,9,1
88,Halifax,Canada,260,133,42,29,52
89,Edmonton,Canada,123,141,81,482,52
90,Eindhoven,Netherlands,163,151,32,325,63
91,Osaka-Kyoto,Japan,154,88,164,339,26
92,Dubai-Sharjah-Ajman,United Arab Emirates,70,12,343,597,358
93,Toulouse,France,119,177,45,172,161
94,Antwerp,Belgium,97,253,11,460,136
95,Providence,United States,111,97,205,235,184
96,St. Louis,United States,46,150,242,427,184
97,Las Vegas,United States,73,124,293,100,184
98,Gent,Belgium,118,263,9,444,136
99,Stuttgart,Germany,191,93,82,395,107
100,Glasgow,United Kingdom,181,81,258,51,72
101,Milan,Italy,101,95,158,477,304
102,Cologne,Germany,98,148,188,530,107
103,Utrecht,Netherlands,130,279,29,310,63
104,Omaha,United States,124,134,105,523,184
105,San Antonio,United States,58,140,302,302,184
106,Cambridge,United Kingdom,200,123,140,174,72
107,Lisbon,Portugal,201,144,102,69,141
108,Pittsburgh,United States,66,145,266,398,184
109,Virginia Beach,United States,117,139,237,155,184
110,Durham,United States,133,91,290,158,184
111,Winnipeg,Canada,113,196,127,435,52
112,Haifa,Israel,131,77,159,330,350
113,Birmingham,United Kingdom,136,157,223,190,72
114,Grenoble,France,218,328,1,283,161
115,Worcester,United States,122,125,214,372,184
116,Bordeaux,France,127,327,27,113,161
117,Detroit,United States,116,100,277,352,184
118,Riyadh,Saudi Arabia,44,3,580,697,626
119,Santiago,Chile,172,27,330,301,296
120,Hamilton,Canada,187,184,48,402,52
121,Sacramento,United States,71,205,268,143,184
122,Honolulu,United States,88,269,200,38,184
123,Kitchener-Cambridge-Waterloo,Canada,225,147,88,348,52
124,Rennes,France,132,332,39,71,161
125,Milwaukee,United States,76,219,170,407,184
126,Southampton,United Kingdom,145,195,195,193,72
127,Freiburg im Breisgau,Germany,216,208,25,450,107
128,Dusseldorf,Germany,155,201,107,401,107
129,Leeds,United Kingdom,140,173,250,223,72
130,Oxford,United Kingdom,175,167,163,294,72
131,Leicester,United Kingdom,248,82,270,212,72
132,Indianapolis,United States,54,274,263,273,184
133,Allentown,United States,87,187,256,385,184
134,Rome,Italy,137,117,245,331,304
135,Kuala Lumpur,Malaysia,106,21,391,526,334
136,Linz,Austria,199,235,16,623,104
137,Graz,Austria,207,209,37,487,104
138,Reykjavik,Iceland,395,176,7,349,25
139,Jacksonville,United States,84,256,259,123,184
140,Cincinnati,United States,60,261,228,483,184
141,Provo,United States,94,284,191,293,184
142,New Haven,United States,134,232,209,173,184
143,Jerusalem,Israel,114,103,309,264,350
144,Bonn,Germany,224,191,97,388,107
145,Belfast,United Kingdom,212,266,192,18,72
146,Memphis,United States,69,149,345,456,184
147,Tampere,Finland,286,272,62,205,6
148,Kansas City,United States,59,346,220,488,184
149,Columbia,United States,135,172,317,95,184
150,Boise City,United States,152,239,257,60,184
151,Valletta,Malta,255,306,18,93,302
152,Fukuoka,Japan,173,218,235,322,26
153,Nottingham,United Kingdom,238,182,208,230,72
154,Oxnard,United States,144,325,207,61,184
155,Marseille,France,143,414,53,284,161
156,Montpellier,France,195,349,44,192,161
157,Nagoya,Japan,252,211,129,438,26
158,Muenster,Germany,217,238,120,405,107
159,Hartford,United States,214,204,143,246,184
160,Karlsruhe,Germany,302,156,77,589,107
161,Budapest,Hungary,177,127,137,596,347
162,Cardiff,United Kingdom,210,233,265,58,72
163,Ruhr,Germany,229,185,168,499,107
164,Tulsa,United States,151,161,288,495,184
165,Des Moines,United States,247,226,86,361,184
166,Newcastle upon Tyne,United Kingdom,263,242,153,171,72
167,Cleveland,United States,146,212,287,282,184
168,Sheffield,United Kingdom,227,214,229,239,72
169,Brighton and Hove,United Kingdom,295,160,232,202,72
170,Coventry,United Kingdom,270,175,252,210,72
171,Oklahoma City,United States,96,276,308,318,184
172,Liverpool,United Kingdom,261,215,233,157,72
173,Charleston,United States,109,309,305,181,184
174,Louisville,United States,74,345,291,459,184
175,Nuremberg,Germany,245,353,63,406,107
176,Tucson,United States,159,275,295,74,184
177,Hanover,Germany,267,217,155,457,107
178,Palm Bay,United States,269,223,251,35,184
179,Rochester,United States,194,222,239,278,184
180,Portsmouth,United Kingdom,280,252,203,122,72
181,Ljubljana,Slovenia,323,231,34,404,160
182,Bratislava,Slovakia,204,273,41,606,303
183,Grand Rapids,United States,91,478,236,255,184
184,Tours,France,220,494,22,292,161
185,Bridgeport,United States,240,313,109,268,184
186,Colorado Springs,United States,147,391,202,259,184
187,Mannheim-Ludwigshafen,Germany,345,174,74,614,107
188,Buffalo,United States,129,347,255,351,184
189,Dammam,Saudi Arabia,86,36,438,417,626
190,Harrisburg,United States,128,393,261,252,184
191,Mainz,Germany,316,255,93,432,107
192,Bangkok,Thailand,310,26,300,437,522
193,Warsaw,Poland,313,120,111,679,318
194,Liege,Belgium,215,410,68,498,136
195,Albany,United States,125,453,194,367,184
196,Clermont-Ferrand,France,355,348,15,287,161
197,Valencia,Spain,242,307,204,90,278
198,Tallinn,Estonia,234,210,241,625,71
199,Istanbul,Turkey,158,17,395,507,801
200,Northampton,United Kingdom,231,338,227,250,72
201,Winston-Salem,United States,209,198,312,226,184
202,Knoxville,United States,104,322,329,364,184
203,Malaga,Spain,353,240,112,81,278
204,New Orleans,United States,228,163,314,381,184
205,Taichung,Taiwan,496,122,174,319,98
206,Shenzhen,China,37,49,618,553,637
207,Bologna,Italy,304,236,73,451,304
208,Seville,Spain,278,297,219,85,278
209,Porto,Portugal,367,329,94,68,141
210,Poznan,Poland,174,319,131,570,318
211,Bilbao,Spain,276,399,80,233,278
212,Santa Cruz de Tenerife,Spain,356,405,76,16,278
213,Bournemouth,United Kingdom,358,278,172,160,72
214,Hsinchu,Taiwan,752,119,51,296,98
215,Bakersfield,United States,95,437,341,162,184
216,Birmingham,United States,103,382,337,320,184
217,Beijing,China,142,24,367,769,637
218,Al Ain,United Arab Emirates,293,63,335,468,358
219,Strasbourg,France,192,670,24,454,161
220,Greenville,United States,107,532,297,279,184
221,Vilnius,Lithuania,139,469,264,512,143
222,Fort Myers,United States,203,456,282,41,184
223,Lille,France,182,555,117,378,161
224,Palma de Mallorca,Spain,346,384,91,104,278
225,Little Rock,United States,156,388,301,329,184
226,Nice,France,202,678,46,306,161
227,Murcia,Spain,328,311,177,159,278
228,Nicosia,Cyprus,385,199,201,227,294
229,A Coruna,Spain,343,490,43,116,278
230,Derby,United Kingdom,380,295,211,196,72
231,Augsburg,Germany,296,482,108,375,107
232,Bremen,Germany,308,350,186,478,107
233,Orleans,France,264,740,17,244,161
234,Arnhem,Netherlands,294,608,47,376,63
235,Brno,Czech Republic,274,462,71,593,144
236,Wroclaw,Poland,188,447,96,603,318
237,Stockton,United States,149,425,327,332,184
238,North Port,United States,241,536,262,19,184
239,Akron,United States,239,428,234,286,184
240,Kaohsiung,Taiwan,545,225,100,392,98
241,Las Palmas,Spain,410,441,87,26,278
242,Dresden,Germany,352,512,35,510,107
243,Gdansk,Poland,281,337,126,539,318
244,Alicante,Spain,373,286,216,147,278
245,Fresno,United States,164,442,338,128,184
246,Vigo,Spain,378,463,79,89,278
247,Granada,Spain,364,402,118,142,278
248,El Paso,United States,235,246,342,336,184
249,Baton Rouge,United States,193,312,328,517,184
250,Mexico City,Mexico,85,69,642,504,529
251,Sapporo,Japan,283,545,274,108,26
252,Busan,South Korea,350,374,181,308,148
253,Middlesbrough,United Kingdom,339,438,175,357,72
254,Macao,"Macao SAR, China",314,314,154,568,300
255,Verona,Italy,279,473,110,476,304
256,Manila,Philippines,150,101,461,238,614
257,Jeddah,Saudi Arabia,141,67,432,611,626
258,Saint-Etienne,France,394,642,13,291,161
259,Zaragoza,Spain,307,589,121,121,278
260,Almaty,Kazakhstan,338,55,313,721,605
261,Modesto,United States,205,479,331,132,184
262,Doha,Qatar,349,74,336,556,368
263,Albuquerque,United States,208,603,267,185,184
264,Padua,Italy,319,503,57,469,304
265,Guangzhou,China,99,58,588,668,637
266,Dijon,France,265,800,21,397,161
267,Krakow,Poland,232,422,160,676,318
268,Aachen,Germany,418,370,176,410,107
269,Syracuse,United States,271,518,249,270,184
270,Kiel,Germany,470,454,99,260,107
271,Toledo,United States,362,248,285,470,184
272,Bucharest,Romania,165,412,303,550,331
273,Groningen,Netherlands,631,283,92,455,63
274,Toulon,France,325,751,28,188,161
275,Buenos Aires,Argentina,311,152,339,112,473
276,Wiesbaden,Germany,365,544,84,496,107
277,Greensboro,United States,196,533,326,221,184
278,Shanghai,China,90,85,405,883,637
279,Aberdeen,United Kingdom,657,335,182,45,72
280,Wichita,United States,251,537,248,442,184
281,Kingston upon Hull,United Kingdom,382,357,304,265,72
282,McAllen,United States,226,241,404,383,184
283,Lima,Peru,170,114,418,608,514
284,Jakarta,Indonesia,40,89,741,793,480
285,San Juan,Puerto Rico,587,299,324,3,276
286,Hangzhou,China,62,158,430,837,637
287,Braunschweig-Salzgitter,Germany,552,344,144,511,107
288,Hiroshima,Japan,503,529,171,179,26
289,Astana,Kazakhstan,258,115,356,571,605
290,Leipzig,Germany,292,770,103,576,107
291,Tainan,Taiwan,728,354,139,177,98
292,Turin,Italy,445,433,104,446,304
293,Kuwait City,Kuwait,211,138,377,664,513
294,São Paulo,Brazil,180,102,604,334,569
295,Kumamoto,Japan,340,656,243,358,26
296,Sendai,Japan,558,506,221,131,26
297,Athens,Greece,502,169,322,236,348
298,Bielefeld,Germany,330,706,198,412,107
299,Florence,Italy,384,661,60,350,304
300,Naha,Japan,337,553,319,379,26
301,San José,Costa Rica,315,262,412,168,295
302,Valladolid,Spain,468,708,58,175,278
303,Dayton,United States,262,760,269,256,184
304,Hanoi,Vietnam,183,194,347,630,820
305,Moscow,Russia,93,111,415,613,946
306,Cheongju,South Korea,456,521,173,500,148
307,Venice,Italy,479,586,36,549,304
308,Nancy,France,535,655,33,471,161
309,Brasília,Brazil,289,164,448,70,569
310,Daegu,South Korea,653,326,225,389,148
311,Valparaíso,Chile,531,270,323,304,296
312,Bergamo,Italy,528,452,122,518,304
313,Kyiv,Ukraine,186,229,325,638,867
314,Ho Chi Minh City,Vietnam,167,343,358,311,820
315,Hamamatsu,Japan,753,673,52,198,26
316,Bogotá,Colombia,230,84,677,572,501
317,Monterrey,Mexico,282,116,596,323,529
318,Gwangju,South Korea,601,547,149,362,148
319,Rouen,France,405,878,50,307,161
320,Caen,France,665,801,23,138,161
321,Ankara,Turkey,285,146,410,516,801
322,Concepción,Chile,619,386,307,98,296
323,Panama City,Panama,219,540,349,340,365
324,Port Louis,Mauritius,344,725,355,8,147
325,Suzhou (Jiangsu),China,92,220,462,910,637
326,Riga,Latvia,478,466,284,567,277
327,Cairo,Egypt,162,57,715,599,848
328,Nanjing,China,148,130,474,946,637
329,Niigata,Japan,593,745,212,145,26
330,Okayama,Japan,632,647,138,534,26
331,Genoa,Italy,605,783,19,344,304
332,Charleroi,Belgium,407,779,213,493,136
333,Kanazawa,Japan,581,799,156,204,26
334,Montevideo,Uruguay,411,543,380,36,183
335,Erfurt,Germany,559,831,64,434,107
336,Wuhan,China,110,188,544,913,637
337,Chengdu,China,121,267,468,799,637
338,Mexicali,Mexico,317,251,475,76,529
339,Mecca,Saudi Arabia,381,87,493,548,626
340,Matsuyama,Japan,655,778,187,184,26
341,Szczecin,Poland,369,737,190,587,318
342,Chiayi,Taiwan,845,523,147,297,98
343,Xian,China,176,186,489,784,637
344,Kagoshima,Japan,383,881,283,231,26
345,Daejeon,South Korea,614,569,244,475,148
346,Lublin,Poland,565,575,125,662,318
347,Toyohashi,Japan,757,832,69,195,26
348,Suva,Fiji,427,249,660,1,367
349,Wolfsburg,Germany,674,786,90,472,107
350,Delhi,India,108,51,838,973,380
351,Georgetown,Malaysia,554,254,384,276,334
352,Mito,Japan,636,857,166,170,26
353,Manama,Bahrain,290,171,541,561,610
354,Xiamen,China,198,200,581,619,637
355,Toyama,Japan,763,738,134,399,26
356,Rio de Janeiro,Brazil,341,153,628,317,569
357,Lens,France,404,911,132,443,161
358,Tbilisi,Georgia,458,183,503,422,361
359,Malacca,Malaysia,460,361,362,489,334
360,Takamatsu,Japan,625,891,115,356,26
361,Utsunomiya,Japan,743,794,189,206,26
362,Wakayama,Japan,806,748,184,209,26
363,Takasaki,Japan,826,749,136,251,26
364,Iasi,Romania,321,539,369,560,331
365,Jeonju,South Korea,842,552,142,466,148
366,Naples,Italy,487,659,316,275,304
367,Qingdao,China,197,336,401,760,637
368,Bialystok,Poland,606,573,210,646,318
369,Ulsan,South Korea,783,559,240,415,148
370,Zhuhai,China,300,180,532,610,637
371,Da Nang,Vietnam,324,435,344,453,820
372,Bari,Italy,575,750,247,274,304
373,Taif,Saudi Arabia,550,107,464,506,626
374,Nassau,Bahamas,488,485,538,7,329
375,Katowice,Poland,557,651,180,788,318
376,Johor Bahru,Malaysia,457,259,443,706,334
377,Bydgoszcz,Poland,399,885,169,629,318
378,Hefei,China,184,285,513,869,637
379,Cheonan,South Korea,685,658,273,564,148
380,Johannesburg,South Africa,312,39,923,365,371
381,Chongqing,China,161,316,535,867,637
382,Santo Domingo,Dominican Republic,275,498,646,86,472
383,Halle an der Saale,Germany,640,868,157,591,107
384,Campinas,Brazil,390,227,547,436,569
385,Butterworth-Bukit Mertajam,Malaysia,363,520,452,464,334
386,Córdoba,Argentina,691,341,350,165,473
387,Guadalajara,Mexico,288,421,639,141,529
388,Amman,Jordan,387,154,678,531,601
389,Dongguan,China,185,376,598,672,637
390,Podgorica,Montenegro,847,373,254,535,366
391,Kota Kinabalu,Malaysia,693,407,386,140,334
392,St Petersburg,Russia,298,213,413,408,946
393,Khamis Mushait,Saudi Arabia,539,265,378,403,626
394,Medina,Saudi Arabia,533,108,579,653,626
395,Florianópolis,Brazil,562,330,423,99,569
396,Tirana,Albania,361,577,368,485,471
397,Zagreb,Croatia,476,590,357,577,330
398,Kitakyushu,Japan,775,864,222,423,26
399,Numazu,Japan,813,947,72,199,26
400,Rosario,Argentina,609,556,332,241,473
401,Zhengzhou,China,190,334,531,923,637
402,Skopje,North Macedonia,351,528,388,782,362
403,Catania,Italy,764,756,306,114,304
404,Baku,Azerbaijan,571,258,351,569,837
405,Fuzhou,China,222,411,615,661,637
406,Tokushima,Japan,700,919,289,187,26
407,Lviv,Ukraine,537,331,333,514,867
408,Quito,Ecuador,495,342,473,240,608
409,Izmir,Turkey,435,300,477,447,801
410,Guayaquil,Ecuador,507,359,549,63,608
411,Bengaluru,India,171,179,847,727,380
412,Kuantan,Malaysia,540,551,399,390,334
413,Ostrava,Czech Republic,750,710,281,747,144
414,Al Hofuf,Saudi Arabia,516,128,537,841,626
415,Belgrade,Serbia,332,530,381,685,623
416,Kharkiv,Ukraine,483,271,359,574,867
417,Hermosillo,Mexico,536,368,574,52,529
418,Porto Alegre,Brazil,417,457,593,64,569
419,Kuching,Malaysia,532,492,466,419,334
420,Haikou,China,257,681,501,247,637
421,Foshan,China,237,417,614,715,637
422,Medellín,Colombia,424,224,692,490,501
423,Chişinău,Moldova,336,601,444,474,512
424,Palermo,Italy,756,802,315,107,304
425,Querétaro,Mexico,466,362,561,258,529
426,Culiacán,Mexico,454,424,630,44,529
427,Mumbai,India,169,126,915,812,380
428,Sofia,Bulgaria,467,570,363,718,355
429,Algiers,Algeria,610,206,390,479,860
430,Mérida,Mexico,422,432,589,186,529
431,La Plata,Argentina,782,455,352,183,473
432,Muscat,Oman,630,234,527,580,500
433,Kota Bharu,Malaysia,594,367,653,333,334
434,Surabaya,Indonesia,236,377,769,541,480
435,Changwon,South Korea,907,824,178,394,148
436,Cebu City,Philippines,379,502,683,24,614
437,Yerevan,Armenia,441,401,492,631,510
438,Bishkek,Kyrgyzstan,444,203,517,710,843
439,Izmit,Turkey,628,281,408,542,801
440,Thessaloniki,Greece,809,568,334,458,348
441,Barranquilla,Colombia,509,291,721,92,501
442,Casablanca,Morocco,431,287,713,225,562
443,Tehran,Iran,306,80,745,773,928
444,Ningbo,China,250,625,450,783,637
445,Cape Town,South Africa,574,79,881,83,371
446,Accra,Ghana,459,230,718,565,369
447,Seremban,Malaysia,501,610,514,387,334
448,Tijuana,Mexico,515,461,633,49,529
449,Colombo,Sri Lanka,366,381,666,473,624
450,Antalya,Turkey,585,310,454,497,801
451,Ulaanbaatar,Mongolia,442,415,650,622,363
452,Pohang,South Korea,943,798,148,494,148
453,San Miguel De Tucumán,Argentina,768,491,370,200,473
454,Makassar,Indonesia,301,472,774,103,480
455,Asunción,Paraguay,491,396,607,289,611
456,Bursa,Turkey,583,260,479,650,801
457,Cali,Colombia,347,429,708,502,501
458,Curitiba,Brazil,549,403,539,324,569
459,Kuala Muda,Malaysia,551,609,498,416,334
460,Belo Horizonte,Brazil,414,495,670,178,569
461,Kunming,China,233,674,645,505,637
462,Samsun,Turkey,494,324,469,707,801
463,Juárez,Mexico,485,383,631,411,529
464,Odesa,Ukraine,543,406,353,612,867
465,Ipoh,Malaysia,447,690,398,787,334
466,Jinan,China,223,764,403,848,637
467,Nanchang,China,246,615,524,821,637
468,Tashkent,Uzbekistan,553,136,612,861,842
469,Arequipa,Peru,861,365,428,91,514
470,Medan,Indonesia,266,390,821,228,480
471,Nanning,China,249,767,467,671,637
472,Chennai,India,244,189,879,763,380
473,Shangrao,China,331,711,379,737,637
474,Chiclayo,Peru,433,726,521,115,514
475,Chiang Mai,Thailand,808,516,310,682,522
476,Salta,Argentina,887,404,372,182,473
477,Sarajevo,Bosnia and Herzegovina,425,620,396,573,634
478,Dnipro,Ukraine,548,364,365,673,867
479,Padang,Indonesia,299,366,800,386,480
480,San Luis Potosí,Mexico,463,675,440,326,529
481,Cuernavaca,Mexico,489,443,634,345,529
482,Shimkent,Kazakhstan,566,264,523,806,605
483,Toluca,Mexico,493,339,703,359,529
484,Suqian,China,375,684,348,863,637
485,Mendoza,Argentina,811,496,360,431,473
486,Bridgetown,Barbados,746,859,397,22,301
487,Cagayan de Oro,Philippines,450,514,626,338,614
488,Adapazarı,Turkey,684,303,441,640,801
489,Yogyakarta,Indonesia,342,296,790,634,480
490,Taiyuan,China,303,513,548,882,637
491,Jiaxing,China,277,632,480,902,637
492,Urumqi,China,291,534,565,881,637
493,Konya,Turkey,600,277,585,647,801
494,Jinhua,China,388,458,536,781,637
495,Denpasar,Indonesia,305,728,730,153,480
496,Fortaleza,Brazil,607,476,727,2,569
497,Changsha,China,391,525,460,808,637
498,Chihuahua,Mexico,522,557,644,136,529
499,Bozhou,China,273,723,451,884,637
500,Davao City,Philippines,412,645,629,229,614
501,Tunis,Tunisia,611,228,733,380,598
502,Angeles City,Philippines,498,634,550,191,614
503,Puebla,Mexico,471,464,673,527,529
504,Rabat,Morocco,438,486,742,156,562
505,Mykolaiv,Ukraine,745,465,354,418,867
506,Windhoek,Namibia,480,243,916,65,353
507,Mataram,Indonesia,408,483,784,150,480
508,Changzhou,China,287,735,447,909,637
509,Denizli,Turkey,774,372,436,551,801
510,Kayseri,Turkey,649,308,590,644,801
511,Male,Maldives,481,762,656,6,827
512,Quanzhou,China,221,845,613,632,637
513,Lagos,Nigeria,359,94,844,708,896
514,Guiyang,China,268,719,649,751,637
515,Joinville,Brazil,735,649,425,163,569
516,Trujillo,Peru,624,515,571,508,514
517,Palembang,Indonesia,334,460,793,522,480
518,Vitória-Vila Velha,Brazil,773,446,619,117,569
519,Bandar Lampung,Indonesia,372,451,815,109,480
520,Tianjin,China,555,380,459,906,637
521,Kochi,India,259,560,765,790,380
522,Gaborone,Botswana,534,132,974,169,333
523,Bucaramanga,Colombia,603,470,704,267,501
524,Goiânia,Brazil,703,448,689,78,569
525,Aguascalientes,Mexico,505,695,661,139,529
526,Coatzacoalcos,Mexico,524,450,752,472,502
527,Managua,Nicaragua,450,534,563,520,496
528,Quito,Ecuador,421,490,755,461,492
529,Xining,China,529,499,700,533,513
530,Guayaquil,Ecuador,528,507,690,433,525
531,Fortaleza,Brazil,405,528,622,469,520
532,Goiania,Brazil,421,550,633,447,531
533,Iasi,Romania,390,532,602,483,515
534,Kochi,India,210,492,725,435,502
535,Suzhou,China,337,492,721,399,534
536,Nantong,China,442,510,761,459,531
537,Shenzhen,China,336,620,732,486,514
538,Chengdu,China,410,450,740,444,520
539,Weifang,China,512,515,791,500,517
540,Cuiaba,Brazil,540,494,774,531,502
541,Porto Velho,Brazil,542,506,739,501,510
542,Tehran,Iran,547,533,622,510,526
543,Mashhad,Iran,343,512,707,495,512
544,Wuxi,China,311,425,710,466,531
545,Belo Horizonte,Brazil,419,419,730,469,521
546,Marilia,Brazil,421,430,722,480,530
547,Sinop,Brazil,435,515,743,502,515
548,Adana,Turkey,501,514,755,520,528
549,Ghazni,Afghanistan,580,519,744,512,522
550,Herat,Afghanistan,490,540,740,510,521
551,Reynosa,Mexico,602,602,635,449,529
552,Torreon,Mexico,755,546,620,216,529
553,Kingston,Jamaica,523,653,780,146,346
554,São Gonçalo,Brazil,825,475,599,215,569
555,Durango,Mexico,586,700,659,180,529
556,Baixada Santista,Brazil,708,676,512,285,569
557,Georgetown,Guyana,465,693,747,73,521
558,Gumi,South Korea,957,955,183,433,148
559,Pereira,Colombia,486,583,699,617,501
560,Manaus,Brazil,604,604,687,219,569
561,Guatemala City,Guatemala,322,641,726,594,796
562,Pekanbaru,Indonesia,436,591,767,281,480
563,Cochabamba,Bolivia,629,301,761,269,829
564,Hyderabad,India,253,524,882,674,380
565,Lodz,Poland,990,666,275,683,318
566,Dalian,China,569,643,446,766,637
567,Nairobi,Kenya,272,280,986,54,612
568,Wenzhou,China,579,650,478,693,637
569,Ganzhou,China,368,780,577,738,637
570,Novosibirsk,Russia,453,375,597,705,946
571,Kazan,Russia,590,293,570,654,946
572,Dazhou,China,327,898,486,701,637
573,Aracaju,Brazil,844,488,720,13,569
574,Zaporizhzhia,Ukraine,626,660,366,692,867
575,Zhongshan,China,596,596,554,675,637
576,León,Mexico,599,742,682,144,529
577,Kigali,Rwanda,598,317,826,288,511
578,Islamabad-Rawalpindi,Pakistan,514,190,772,755,874
579,Sorocaba,Brazil,687,668,558,521,569
580,Kozhikode,India,392,607,783,620,380
581,Recife,Brazil,767,501,755,23,569
582,Lianyungang,China,448,709,507,875,637
583,Krasnodar,Russia,402,584,573,515,946
584,Chandigarh,India,284,468,849,887,380
585,Hohhot,China,591,644,504,765,637
586,Harbin,China,635,616,449,847,637
587,Celaya,Mexico,812,538,676,213,529
588,Yueqing,China,377,847,508,764,637
589,Vientiane,Lao PDR,701,729,414,462,845
590,Kampala,Uganda,519,202,877,313,844
591,Yancheng,China,329,918,463,777,637
592,Diyarbakir,Turkey,709,431,680,624,801
593,Bandjarmasin,Indonesia,401,703,817,129,480
594,Huizhou,China,692,508,675,595,637
595,Alexandria,Egypt,677,197,779,566,848
596,Malatya,Turkey,741,449,652,686,801
597,Matamoros,Mexico,718,594,684,445,529
598,Yichang,China,398,820,560,779,637
599,Tyumen,Russia,504,356,694,601,946
600,Nouakchott,Mauritania,474,531,743,660,800
601,Chenzhou,China,529,790,495,743,637
602,Binzhou,China,484,743,519,862,637
603,Shenyang,China,656,654,494,802,637
604,Dagupan,Philippines,673,701,696,220,614
605,Libreville,Gabon,713,363,759,120,886
606,Irapuato,Mexico,730,707,700,137,529
607,Lanzhou,China,472,721,617,853,637
608,Haiphong,Vietnam,644,895,346,752,820
609,Qujing,China,403,852,608,703,637
610,Jambi,Indonesia,500,499,842,354,480
611,São José dos Campos,Brazil,793,677,556,558,569
612,Sousse,Tunisia,870,477,709,224,598
613,Samarinda,Indonesia,696,564,809,21,480
614,Shangqiu,China,335,874,496,951,637
615,Tegucigalpa,Honduras,420,635,797,152,839
616,Yulin,China,525,785,485,846,637
617,Belém,Brazil,875,509,750,25,569
618,Pontianak,Indonesia,473,718,789,371,480
619,Wuhu,China,406,765,609,920,637
620,João Pessoa,Brazil,879,626,712,14,569
621,Zhenjiang,China,508,704,487,963,637
622,Salvador,Brazil,940,387,737,28,569
623,Shijiazhuang,China,333,882,516,938,637
624,Esfahan,Iran,580,216,716,866,928
625,Kahramanmaras,Turkey,749,578,640,609,801
626,Putian,China,423,856,672,543,637
627,Batman,Turkey,786,579,553,677,801
628,Yueyang,China,370,889,419,966,637
629,Puyang,China,415,853,424,957,637
630,Erbil,Iraq,789,290,603,588,981
631,Tangier,Morocco,727,727,717,130,562
632,Caracas,Venezuela,714,333,719,59,987
633,Grande São Luís,Brazil,876,566,731,31,569
634,Tiruchirappalli,India,413,562,820,726,380
635,Cuiabá,Brazil,801,680,667,369,569
636,Varna,Bulgaria,860,797,484,637,355
637,Ekaterinburg,Russia,616,426,616,666,946
638,Oran,Algeria,973,352,476,315,860
639,Can Tho,Vietnam,694,916,426,253,820
640,Zunyi,China,318,909,632,843,637
641,Yiwu,China,421,930,417,775,637
642,Dar Es Salaam,Tanzania,518,268,947,119,833
643,Cartagena,Colombia,697,854,586,484,501
644,Huaihua,China,432,821,625,810,637
645,Nanchong,China,409,924,509,723,637
646,Pondicherry,India,734,440,782,663,380
647,Jiangyin,China,348,884,551,944,637
648,Bengbu,China,464,912,433,858,637
649,Kottayam,India,469,795,753,657,380
650,Ahvaz,Iran,758,288,707,626,928
651,Jining,China,659,816,400,873,637
652,Kollam,India,374,888,758,621,380
653,Dakar,Senegal,623,593,751,728,519
654,Ahmedabad,India,376,408,937,813,380
655,Baghdad,Iraq,724,192,736,680,981
656,Agadir,Morocco,668,663,762,391,562
657,Yichun,China,443,817,681,780,637
658,Shiraz,Iran,721,221,744,750,928
659,Xiangfan,China,429,957,387,834,637
660,Fuyang,China,430,846,584,915,637
661,Durban,South Africa,719,257,961,161,371
662,Valencia,Venezuela,608,340,771,218,987
663,Oaxaca,Mexico,798,809,662,295,529
664,Deyang,China,455,907,568,804,637
665,Liuan,China,426,887,499,948,637
666,Yaoundé,Cameroon,461,398,806,480,940
667,Mysore,India,475,640,804,778,380
668,Sfax,Tunisia,892,511,729,337,598
669,Coimbatore,India,564,420,837,857,380
670,Marrakech,Morocco,766,752,702,441,562
671,Kaifeng,China,451,838,583,936,637
672,Jalandhar,India,400,662,827,816,380
673,Ashgabat,Turkmenistan,722,155,805,744,927
674,Voronezh,Russia,633,561,627,635,946
675,Kandy,Sri Lanka,771,714,711,366,624
676,Cotonou,Benin,452,439,889,667,635
677,Managua,Nicaragua,810,638,679,154,916
678,Port Said,Egypt,944,247,766,124,848
679,Douala,Cameroon,556,379,792,559,940
680,Yangon,Myanmar,357,683,734,492,994
681,Praia,Cape Verde,661,633,836,579,354
682,Yuncheng,China,720,787,515,822,637
683,Van,Turkey,951,360,664,717,801
684,Fes,Morocco,732,587,781,509,562
685,Taizhou (Zhejiang),China,542,943,465,665,637
686,Thiruvananthapuram,India,437,897,748,695,380
687,Phnom Penh,Cambodia,671,394,786,688,847
688,Qom,Iran,742,237,725,897,928
689,Xiaogan,China,544,848,576,892,637
690,Suzhou (Anhui),China,511,855,528,952,637
691,Madurai,India,440,576,829,927,380
692,Qingyuan,China,669,834,636,678,637
693,Paramaribo,Suriname,760,541,833,300,518
694,Xining,China,530,903,622,758,637
695,Zamboanga City,Philippines,961,772,592,48,614
696,Rostov-on-Don,Russia,688,554,674,525,946
697,Heze,China,573,908,409,958,637
698,Acapulco,Mexico,920,769,686,96,529
699,Polokwane,South Africa,613,450,965,134,371
700,Maanshan,China,393,902,522,988,637
701,Ibagué,Colombia,678,784,706,798,501
702,Tomsk,Russia,848,400,643,628,946
703,Guayana City,Venezuela,819,423,732,75,987
704,Bhubaneswar,India,434,631,894,741,380
705,Mombasa,Kenya,397,722,957,55,612
706,Pekalongan,Indonesia,663,732,811,393,480
707,Makhachkala,Russia,785,567,648,467,946
708,Bloemfontein,South Africa,737,292,973,263,371
709,Mashhad,Iran,658,289,749,930,928
710,Xianyang,China,641,949,374,852,637
711,Yantai,China,643,966,375,770,637
712,Langfang,China,648,894,456,921,637
713,Addis Ababa,Ethiopia,541,474,818,347,943
714,Tangshan,China,513,913,488,967,637
715,Guilin,China,622,950,393,830,637
716,Changchun,China,780,872,437,851,637
717,Amritsar,India,396,822,813,797,380
718,Kumasi,Ghana,911,351,843,562,369
719,Ufa,Russia,797,427,691,649,946
720,Nam Dinh,Vietnam,779,935,427,598,820
721,Tabriz,Iran,802,323,724,785,928
722,Xuchang,China,560,863,605,937,637
723,General Santos,Philippines,843,915,665,101,614
724,Taian,China,710,977,340,864,637
725,Dushanbe,Tajikistan,716,369,763,855,915
726,Baotou,China,794,812,483,899,637
727,Meknes,Morocco,784,694,787,448,562
728,Teresina,Brazil,873,814,775,11,569
729,Vellore,India,621,571,810,908,380
730,Ludhiana,India,446,775,823,849,380
731,Cirebon,Indonesia,419,747,876,762,480
732,Huaian,China,449,958,542,880,637
733,Tanta,Egypt,796,355,845,429,848
734,Maracay,Venezuela,799,445,754,167,987
735,Cúcuta,Colombia,888,699,739,546,501
736,Zhumadian,China,582,869,641,925,637
737,Antananarivo,Madagascar,620,580,929,42,840
738,Yibin,China,672,967,394,801,637
739,Luoyang,China,572,936,472,918,637
740,Yangzhou,China,647,933,471,859,637
741,Lomé,Togo,527,480,932,557,832
742,Hengyang,China,776,937,383,840,637
743,Hengshui,China,570,867,606,961,637
744,Nagpur,India,499,588,867,911,380
745,Dehradun,India,627,550,887,745,380
746,El-Mansoura,Egypt,791,304,832,669,848
747,Shantou,China,731,811,698,702,637
748,Vasai-Virar,India,428,652,950,618,380
749,Kathmandu,Nepal,679,776,746,753,603
750,Xiangtan,China,681,926,411,932,637
751,Gomel,Belarus,978,679,361,691,863
752,Handan,China,576,819,637,978,637
753,Huanggang,China,462,944,594,905,637
754,Maracaibo,Venezuela,597,558,776,321,987
755,Santa Cruz,Bolivia,968,193,802,651,829
756,Suez,Egypt,967,244,778,524,848
757,Xuzhou,China,777,826,490,962,637
758,Plovdiv,Bulgaria,933,938,406,733,355
759,Kannur,India,584,917,768,605,380
760,La Paz,Bolivia,865,600,795,232,829
761,Srinagar,India,664,637,825,842,380
762,Rasht,Iran,769,409,738,814,928
763,Zhoukou,China,617,880,600,959,637
764,Villahermosa,Mexico,987,636,566,555,529
765,Irkutsk,Russia,883,621,526,607,946
766,Hubli-Dharwad,India,689,712,865,545,380
767,Salem,India,561,689,828,916,380
768,Jiaozuo,China,521,858,669,984,637
769,Conakry,Guinea,497,574,891,414,914
770,Guwahati,India,492,548,934,895,380
771,Orumiyeh,Iran,729,371,764,877,928
772,Jaipur,India,520,565,930,871,380
773,Beirut,Lebanon,723,835,685,519,895
774,Nizhniy Novgorod,Russia,919,623,533,529,946
775,Weifang,China,762,941,371,950,637
776,Krasnoyarsk,Russia,821,484,688,776,946
777,Belgaum,India,660,792,852,552,380
778,Port Moresby,Papua New Guinea,886,489,913,32,797
779,Mangalore,India,612,865,791,768,380
780,Linfen,China,800,791,651,943,637
781,Mianyang,China,686,999,382,714,637
782,Barquisimeto,Venezuela,715,581,777,254,987
783,Vladivostok,Russia,834,720,655,537,946
784,Nanyang,China,772,945,389,940,637
785,Anyang,China,646,840,621,994,637
786,Chelyabinsk,Russia,923,527,575,749,946
787,Weihai,China,898,971,364,643,637
788,Veracruz,Mexico,965,766,697,461,529
789,Huzhou,China,690,969,445,876,637
790,Zhanjiang,China,824,946,552,584,637
791,Abidjan,Côte d’Ivoire,526,585,955,578,798
792,Bhopal,India,416,702,958,819,380
793,Huainan,China,538,923,610,990,637
794,Maceió,Brazil,948,805,785,20,569
795,Tasikmalaya,Indonesia,676,744,886,639,480
796,Udaipur,India,517,866,812,885,380
797,Blantyre City,Malawi,654,549,943,720,527
798,Jodhpur,India,595,806,839,833,380
799,Surat,India,512,771,890,878,380
800,Zhangzhou,China,823,942,602,592,637
801,Zhaotong,China,765,961,546,730,637
802,Lilongwe,Malawi,707,688,919,481,527
803,Zhuzhou,China,792,968,416,860,637
804,Tiruppur,India,680,781,835,811,380
805,Penza,Russia,929,697,555,540,946
806,Vadodara,India,506,757,904,872,380
807,Kerman,Iran,918,315,705,956,928
808,Lusaka,Zambia,736,250,995,272,524
809,Zagazig,Egypt,916,298,883,536,848
810,Kimberley,South Africa,726,582,968,439,371
811,Ouagadougou,Burkina Faso,670,378,933,696,920
812,Onitsha,Nigeria,868,320,824,809,896
813,Saratov,Russia,926,624,638,645,946
814,Zhangjiagang,China,615,952,545,969,637
815,Amravati,India,683,883,807,724,380
816,Rizhao,China,804,996,392,759,637
817,Huaibei,China,662,922,562,992,637
818,Kalaburagi,India,650,839,859,711,380
819,Maputo,Mozambique,482,302,999,148,865
820,Kermanshah,Iran,851,471,756,820,928
821,Visakhapatnam,India,634,782,814,960,380
822,Jiujiang,China,739,981,421,926,637
823,Chittagong,Bangladesh,705,657,799,740,887
824,Abuja,Nigeria,761,305,902,839,896
825,Mahalla el-Kubra,Egypt,846,535,855,430,848
826,Nashik,India,695,754,861,845,380
827,Ulyanovsk,Russia,932,691,557,690,946
828,Mandalay,Myanmar,563,823,740,575,994
829,Khabarovsk,Russia,747,837,690,585,946
830,Taizhou (Jiangsu),China,699,1000,422,818,637
831,Huangshi,China,568,954,587,986,637
832,Raipur,India,639,669,896,953,380
833,Berhampore,India,642,825,850,850,380
834,Sylhet,Bangladesh,803,665,788,704,887
835,Qinhuangdao,China,889,939,481,824,637
836,Linyi,China,830,983,373,928,637
837,Datong,China,912,906,497,912,637
838,Yaroslavl,Russia,859,873,518,656,946
839,Bamako,Mali,651,619,863,538,944
840,Maoming,China,877,965,530,681,637
841,Xinyang,China,833,992,376,924,637
842,Aurangabad,India,807,759,873,739,380
843,Indore,India,354,830,976,815,380
844,Bikaner,India,738,793,841,896,380
845,Tula,Russia,937,733,540,729,946
846,Xalapa,Mexico,975,741,723,709,529
847,Shaoyang,China,781,984,470,922,637
848,Solapur,India,788,810,870,698,380
849,Guigang,China,903,988,385,836,637
850,Maseru,Lesotho,840,629,983,245,364
851,Chifeng,China,927,974,431,716,637
852,Omsk,Russia,902,682,693,732,946
853,Luanda,Angola,820,434,967,106,917
854,Moradabad,India,744,671,903,929,380
855,Volgograd,Russia,974,611,582,735,946
856,Basra,Iraq,922,413,760,761,981
857,Bissau,Guinea-Bissau,667,598,969,452,841
858,Warangal,India,637,928,822,796,380
859,Perm,Russia,969,617,663,658,946
860,Zibo,China,787,970,500,964,637
861,Cuttack,India,477,899,901,891,380
862,Guntur,India,645,927,854,694,380
863,Luxor,Egypt,854,563,864,648,848
864,Gwalior,India,589,746,952,894,380
865,Dongying,China,856,962,525,900,637
866,Arusha,Tanzania,874,788,905,47,833
867,Zhangjiakou,China,909,994,407,771,637
868,Mymensingh,Bangladesh,706,753,801,854,887
869,Liuzhou,China,853,964,543,898,637
870,Erode,India,577,934,831,874,380
871,Liaocheng,China,872,975,402,971,637
872,Khulna,Bangladesh,946,418,798,823,887
873,Tuxtla Gutiérrez,Mexico,997,667,735,384,529
874,Ryazan,Russia,949,755,595,731,946
875,Rajshahi,Bangladesh,935,481,770,914,887
876,Jingzhou,China,871,986,435,907,637
877,Kolhapur,India,682,931,856,652,380
878,Lahore,Pakistan,815,542,858,827,874
879,Bilaspur (Chhattisgarh),India,841,672,914,856,380
880,Qiqihar,China,947,991,420,684,637
881,Banjul,Gambia,822,713,944,503,636
882,Zhaoqing,China,959,960,505,687,637
883,Daqing,China,966,959,453,742,637
884,Samara,Russia,981,627,657,659,946
885,Xinxiang,China,869,920,624,982,637
886,Ilorin,Nigeria,905,517,869,636,896
887,Mbabane,Eswatini,884,686,963,189,602
888,Weinan,China,899,989,439,888,637
889,Changde,China,855,997,458,879,637
890,Baoding,China,915,951,482,941,637
891,Anqing,China,835,995,442,942,637
892,Orenburg,Russia,894,796,714,633,946
893,Izhevsk,Russia,954,804,563,748,946
894,Faiyum,Egypt,955,467,857,642,848
895,Peshawar,Pakistan,759,734,816,889,874
896,Baoji,China,930,980,502,772,637
897,Jammu,India,666,890,925,795,380
898,Nay Pyi Taw,Myanmar,931,768,722,360,994
899,Buffalo City,South Africa,924,696,979,66,371
900,Mwanza,Tanzania,704,851,962,84,833
901,Ibadan,Nigeria,958,294,892,805,896
902,Barnaul,Russia,934,730,701,774,946
903,Kitwe,Zambia,836,505,988,533,524
904,Patna,India,652,900,880,945,380
905,Asansol,India,592,870,872,993,380
906,Tripoli,Libya,980,497,773,303,999
907,Cangzhou,China,891,976,564,939,637
908,Zahedan,Iran,893,630,752,970,928
909,Niamey,Niger,849,807,862,602,846
910,Bhavnagar,India,816,896,895,736,380
911,Varanasi,India,712,715,908,998,380
912,Aba,Nigeria,928,500,840,865,896
913,Xingtai,China,882,972,520,977,637
914,Zaozhuang,China,896,979,506,972,637
915,Kota,India,547,813,941,996,380
916,Bujumbura,Burundi,838,664,936,309,942
917,Ndola,Zambia,829,510,992,590,524
918,Karachi,Pakistan,863,612,851,917,874
919,Pingdingshan,China,914,987,457,965,637
920,Lucknow,India,702,685,964,980,380
921,Enugu,Nigeria,917,522,878,832,896
922,Asyut,Egypt,910,493,920,835,848
923,Bhilai Nagar,India,733,833,885,991,380
924,Aligarh,India,832,614,951,975,380
925,Brazzaville,Congo,866,504,971,420,924
926,Abeokuta,Nigeria,989,318,871,700,896
927,Touba,Senegal,770,940,898,544,519
928,Dezhou,China,881,998,434,983,637
929,Bareilly,India,895,705,935,935,380
930,Jinzhou,China,962,990,510,807,637
931,Anshan,China,982,932,491,955,637
932,Nellore,India,711,978,868,712,380
933,Jamshedpur,India,790,876,874,976,380
934,Sohag,Egypt,900,692,924,655,848
935,Rajkot,India,827,904,940,719,380
936,Jabalpur,India,698,905,954,838,380
937,Astrakhan,Russia,983,827,647,670,946
938,Port Elizabeth,South Africa,984,613,980,125,371
939,Comilla,Bangladesh,862,789,846,829,887
940,Quetta,Pakistan,778,892,830,831,874
941,Mardan,Pakistan,878,828,819,800,874
942,Owerri,Nigeria,901,507,948,789,896
943,Sangli,India,850,963,866,627,380
944,Freetown,Sierra Leone,993,648,848,501,826
945,Ranchi,India,897,841,900,886,380
946,Meerut,India,814,875,910,949,380
947,Lipetsk,Russia,956,849,668,870,946
948,Gorakhpur,India,751,886,918,979,380
949,Abbottabad,Pakistan,885,842,834,786,874
950,Bobo-Dioulasso,Burkina Faso,717,815,959,563,920
951,Djibouti City,Djibouti,524,929,970,208,926
952,Harare,Zimbabwe,960,207,998,298,922
953,Bogura,Bangladesh,950,803,803,794,887
954,Multan,Pakistan,867,763,888,893,874
955,Faisalabad,Pakistan,890,736,928,791,874
956,Yamoussoukro,Côte d’Ivoire,941,850,949,305,798
957,Saharanpur,India,837,829,966,903,380
958,Jilin,China,985,993,455,934,637
959,Monrovia,Liberia,906,606,984,699,838
960,Jos,Nigeria,839,599,978,757,896
961,Benin City,Nigeria,988,321,912,931,896
962,Pointe-Noire,Congo,994,595,921,105,924
963,Kinshasa,Democratic Republic of Congo,858,459,990,370,984
964,Khartoum,Sudan,817,622,956,746,997
965,Lubumbashi,Democratic Republic of Congo,748,773,975,400,984
966,Prayagraj,India,880,871,927,987,380
967,Gaya,India,938,893,893,947,380
968,Maiduguri,Nigeria,852,860,942,725,896
969,Muzaffarpur,India,795,910,926,997,380
970,Ogbomosho,Nigeria,996,416,909,754,896
971,Bulawayo,Zimbabwe,979,389,991,266,922
972,Dodoma,Tanzania,945,877,981,43,833
973,Vijayawada,India,921,956,853,901,380
974,Novokuznetsk,Russia,991,861,710,734,946
975,Asmara,Eritrea,986,618,939,80,993
976,Sialkot,Pakistan,904,836,922,844,874
977,Agra,India,942,844,938,968,380
978,Dhanbad,India,977,716,907,995,380
979,Kabul,Afghanistan,567,687,977,933,1000
980,Port Harcourt,Nigeria,995,436,931,828,896
981,Faizabad,India,828,953,911,981,380
982,Kanpur,India,864,914,953,985,380
983,Kano,Nigeria,908,597,987,826,896
984,Beira,Mozambique,805,818,1000,166,865
985,Hyderabad,Pakistan,963,843,860,904,874
986,Fushun,China,999,985,511,954,637
987,Gujranwala,Pakistan,925,921,906,756,874
988,Huambo,Angola,972,808,985,94,917
989,Malabo,Equatorial Guinea,1000,358,945,532,919
990,Shahjahanpur,India,913,862,917,999,380
991,N’Djamena,Chad,976,639,972,689,980
992,Bangui,Central African Republic,970,526,989,513,998
993,Bokaro,India,953,879,899,1000,380
994,Mbuji-Mayi,Democratic Republic of Congo,936,774,994,151,984
995,Kaduna,Nigeria,964,731,993,868,896
996,Port-Au-Prince,Haiti,952,948,982,222,945
997,Zaria,Nigeria,971,717,997,803,896
998,Hardoi,India,992,973,946,974,380
999,Sokoto,Nigeria,939,925,996,616,896
1000,Sultanpur (Uttar Pradesh),India,998,982,960,989,380
